url,category,section
https://vietstock.vn/830/chung-khoan/co-phieu.rss,Cổ phiếu,Chứng khoán
https://vietstock.vn/739/chung-khoan/giao-dich-noi-bo.rss,Giao dịch nội bộ,Chứng khoán
https://vietstock.vn/741/chung-khoan/niem-yet.rss,Niêm yết,Chứng khoán
https://vietstock.vn/3358/chung-khoan/etf-va-cac-quy.rss,ETF và các quỹ,Chứng khoán
https://vietstock.vn/4186/chung-khoan/chung-khoan-phai-sinh.rss,Chứng khoán phái sinh,Chứng khoán
https://vietstock.vn/4308/chung-khoan/chung-quyen.rss,Chứng quyền,Chứng khoán
https://vietstock.vn/145/chung-khoan/y-kien-chuyen-gia.rss,Ý kiến chuyên gia,Chứng khoán
https://vietstock.vn/3355/chung-khoan/cau-chuyen-dau-tu.rss,Câu chuyện đầu tư,Chứng khoán
https://vietstock.vn/143/chung-khoan/chinh-sach.rss,Chính sách,Chứng khoán
https://vietstock.vn/785/chung-khoan/thi-truong-trai-phieu.rss,Trái phiếu,Chứng khoán
https://vietstock.vn/737/doanh-nghiep/hoat-dong-kinh-doanh.rss,Hoạt động kinh doanh,Doanh nghiệp
https://vietstock.vn/738/doanh-nghiep/co-tuc.rss,Cổ tức,Doanh nghiệp
https://vietstock.vn/764/doanh-nghiep/tang-von-m-a.rss,Tăng vốn - M&A,Doanh nghiệp
https://vietstock.vn/746/doanh-nghiep/ipo-co-phan-hoa.rss,IPO - Cổ phần hóa,Doanh nghiệp
https://vietstock.vn/214/doanh-nghiep/nhan-vat.rss,Nhân vật,Doanh nghiệp
https://vietstock.vn/3118/doanh-nghiep/trai-phieu-doanh-nghiep.rss,Trái phiếu doanh nghiệp,Doanh nghiệp
https://vietstock.vn/4220//bat-dong-san/thi-truong-nha-dat.rss,Thị trường nhà đất,Bất động sản
https://vietstock.vn/42221/bat-dong-san/quy-hoach-ha-tang.rss,Quy hoạch - Hạ tầng,Bất động sản
https://vietstock.vn/4222/bat-dong-san/du-an.rss,Dự án,Bất động sản
https://vietstock.vn/4266/bat-dong-san/bao-hiem-va-thue-nha-dat.rss,Bảo hiểm và thuế nhà đất,Bất động sản
https://vietstock.vn/759/hang-hoa/vang-va-kim-loai-quy.rss,Vàng và kim loại quý,Hàng hóa
https://vietstock.vn/34/hang-hoa/nhien-lieu.rss,Nhiên liệu,Hàng hóa
https://vietstock.vn/742/hang-hoa/kim-loai.rss,Kim loại,Hàng hóa
https://vietstock.vn/118/hang-hoa/nong-san-thuc-pham.rss,Nông sản thực phẩm,Hàng hóa
https://vietstock.vn/757/tai-chinh/ngan-hang.rss,Ngân hàng,Tài chính
https://vietstock.vn/3113/tai-chinh/bao-hiem.rss,Bảo hiểm,Tài chính
https://vietstock.vn/758/tai-chinh/thue-va-ngan-sach.rss,Thuế và Ngân sách,Tài chính
https://vietstock.vn/761/kinh-te/vi-mo.rss,Vĩ mô,Kinh tế
https://vietstock.vn/768/kinh-te/kinh-te-dau-tu.rss,Kinh tế - Đầu tư,Kinh tế
https://vietstock.vn/773/the-gioi/chung-khoan-the-gioi.rss,Chứng khoán thế giới,Chứng khoán
https://vietstock.vn/4309/the-gioi/tien-ky-thuat-so.rss,Tiền kỹ thuật số,Thế giới
https://vietstock.vn/772/the-gioi/tai-chinh-quoc-te.rss,Tài chính quốc tế,Tài chính
https://vietstock.vn/775/the-gioi/kinh-te-nganh.rss,Kinh tế - Đầu tư,Kinh tế
https://vietstock.vn/1326/dong-duong/vi-mo-dau-tu.rss,Vĩ mô,Đông Dương
https://vietstock.vn/1327/dong-duong/tai-chinh-ngan-hang.rss,Tài chính - Ngân hàng,Tài chính
https://vietstock.vn/1328/dong-duong/thi-truong-chung-khoan.rss,Thị trường chứng khoán,Chứng khoán
https://vietstock.vn/1329/dong-duong/kinh-te-nganh.rss,Kinh tế - Đầu tư,Kinh tế
https://vietstock.vn/4260/tai-chinh-ca-nhan/lam-chu-dong-tien.rss,Làm chủ đồng tiền,Tài chính
https://vietstock.vn/4261/tai-chinh-ca-nhan/dau-tu-kinh-doanh-nho.rss,Đầu tư – Kinh doanh nhỏ,Tài chính
https://vietstock.vn/4262/tai-chinh-ca-nhan/doanh-nhan-va-khoi-nghiep.rss,Doanh nhân và khởi nghiệp,Tài chính
https://vietstock.vn/4263/tai-chinh-ca-nhan/choi-sang.rss,Chơi sang,Tài chính
https://vietstock.vn/4264/tai-chinh-ca-nhan/xe-cong-nghe.rss,Xe - Công nghệ,Tài chính
https://vietstock.vn/4265/tai-chinh-ca-nhan/tieu-dung-va-cuoc-song.rss,Tiêu dùng và lối sống,Tài chính
https://vietstock.vn/735/tai-chinh-ca-nhan/vi-cong-dong.rss,Vì cộng đồng,Tài chính
https://vietstock.vn/1636/nhan-dinh-phan-tich/nhan-dinh-thi-truong.rss,Nhận định thị trường,Phân tích
https://vietstock.vn/582/nhan-dinh-phan-tich/phan-tich-co-ban.rss,Phân tích cơ bản,Phân tích
https://vietstock.vn/585/nhan-dinh-phan-tich/phan-tich-ky-thuat.rss,Phân tích kỹ thuật,Phân tích
